"timestamp","id device","error","num of message","previous timestamp difference","previous timestamp difference for this device"
"1731257331","","1","","",""
"2398171283","","1","","666913952",""
"3491751243","","1","","1093579960",""
"1087976139","","1","","-2403775104",""
"1867036819","","1","","779060680",""
"3666346387","","1","","1799309568",""
"3706157427","","1","","39811040",""
"3949386603","","1","","243229176",""
"275182347","","1","","-3674204256",""
"1057905051","","1","","782722704",""
"1415390171","","1","","357485120",""
"1557057355","","1","","141667184",""
"2181134011","","1","","624076656",""
"3500205099","","1","","1319071088",""
"4259111283","","1","","758906184",""
"92987827","","1","","-4166123456",""
"425889259","","1","","332901432",""
"1153882443","","1","","727993184",""
"1255967059","","1","","102084616",""
"53007051","","1","","-1202960008",""
"47699707","","1","","-5307344",""
"17983459","","1","","-29716248",""
"60184196","00650827","0","0","42200737",""
"66189764","00650827","0","1","6005568",""
"73189476","00650827","0","2","6999712",""
"80189164","00650827","0","3","6999688",""
"87109508","007D0122","0","0","6920344",""
"93115060","007D0122","0","1","6005552",""
"99125452","007D0122","0","2","6010392",""
"105136860","007D0122","0","3","6011408",""
"108187932","00650827","0","7","3051072","6999692.0"
"115187612","00650827","0","8","6999680",""
"122187308","00650827","0","9","6999696",""
"129186996","00650827","0","10","6999688",""
"136186684","00650827","0","11","6999688",""
"143186372","00650827","0","12","6999688",""
"150186060","00650827","0","13","6999688",""
"157185756","00650827","0","14","6999696",""
"164185436","00650827","0","15","6999680",""
"171185140","00650827","0","16","6999704",""
"178184828","00650827","0","17","6999688",""
"185184516","00650827","0","18","6999688",""
"192184196","00650827","0","19","6999680",""
"316532300","0063013D","0","0","124348104",""
"320537996","0063013D","0","1","4005696",""
"324548564","0063013D","0","2","4010568",""
"331549244","0063013D","0","3","7000680",""
"338548956","0063013D","0","4","6999712",""
"340320428","00440121","0","0","1771472",""
"344326052","00440121","0","1","4005624",""
"351325708","00440121","0","2","6999656",""
"358326308","00440121","0","3","7000600",""
"365325932","00440121","0","4","6999624",""
"372326556","","1","","7000624",""
"379326204","","1","","6999648",""
"386326804","00440121","0","7","7000600","10500436.0"
"393326452","","1","","6999648",""
"400327044","","1","","7000592",""
"407326684","00440121","0","10","6999640","10499940.0"
"414326300","00440121","0","11","6999616",""
"421326940","00440121","0","12","7000640",""
"428327556","00440121","0","13","7000616",""
"435328164","00440121","0","14","7000608",""
"443544508","0063013D","0","19","8216344","6999703.466666667"
"450544212","0063013D","0","20","6999704",""
"457543916","0063013D","0","21","6999704",""
"459507764","00440121","0","0","1963848","8059866.666666667"
"463514156","","1","","4006392",""
"471543324","0063013D","0","23","8029168","6999704.0"
"478543028","0063013D","0","24","6999704",""
"485542732","0063013D","0","25","6999704",""
"492542436","0063013D","0","26","6999704",""
"499542140","0063013D","0","27","6999704",""
"506541844","0063013D","0","28","6999704",""
"511620068","00440121","0","0","5078224","7444614.857142857"
"513541548","0063013D","0","29","1921480","6999704.0"
"515625716","00440121","0","1","2084168","4005648.0"
"519637212","00440121","0","2","4011496",""
"523648716","00440121","0","3","4011504",""
"531671740","00440121","0","5","8023024",""
"534540660","0063013D","0","32","2868920","5249778.0"
"538671388","00440121","0","6","4130728","6999648.0"
"541540364","0063013D","0","33","2868976","6999704.0"
"545671004","00440121","0","7","4130640","6999616.0"
"548540068","0063013D","0","34","2869064","6999704.0"
"552671636","00440121","0","8","4131568","7000632.0"
"555539772","0063013D","0","35","2868136","6999704.0"
"559671252","00440121","0","9","4131480","6999616.0"
"562539476","0063013D","0","36","2868224","6999704.0"
"566671876","00440121","0","10","4132400","7000624.0"
"569539172","0063013D","0","37","2867296","6999696.0"
"573671508","00440121","0","11","4132336","6999632.0"
"576538876","0063013D","0","38","2867368","6999704.0"
"580671140","00440121","0","12","4132264","6999632.0"
"583538580","0063013D","0","39","2867440","6999704.0"
"587670788","00440121","0","13","4132208","6999648.0"
"590538284","0063013D","0","40","2867496","6999704.0"
"594670404","","1","","4132120",""
"597537988","0063013D","0","41","2867584","6999704.0"
"604537692","0063013D","0","42","6999704",""
"611537396","0063013D","0","43","6999704",""
"616929996","00440121","0","0","5392600","5851841.6"
"618537100","0063013D","0","44","1607104","6999704.0"
"620935628","00440121","0","1","2398528","4005632.0"
"625536804","0063013D","0","45","4601176","6999704.0"
"627935276","00440121","0","2","2398472","6999648.0"
"632536508","0063013D","0","46","4601232","6999704.0"
"634934916","00440121","0","3","2398408","6999640.0"
"639536212","0063013D","0","47","4601296","6999704.0"
"641935524","00440121","0","4","2399312","7000608.0"
"646535908","0063013D","0","48","4600384","6999696.0"
"648935156","00440121","0","5","2399248","6999632.0"
"653535612","0063013D","0","49","4600456","6999704.0"
"655934788","00440121","0","6","2399176","6999632.0"
"660535316","0063013D","0","50","4600528","6999704.0"
"662934420","00440121","0","7","2399104","6999632.0"
"667535020","0063013D","0","51","4600600","6999704.0"
"669934060","00440121","0","8","2399040","6999640.0"
"674534724","0063013D","0","52","4600664","6999704.0"
"676933692","00440121","0","9","2398968","6999632.0"
"681534420","0063013D","0","53","4600728","6999696.0"
"683933332","00440121","0","10","2398912","6999640.0"
"688534124","0063013D","0","54","4600792","6999704.0"
"690932956","00440121","0","11","2398832","6999624.0"
"695533828","0063013D","0","55","4600872","6999704.0"
"697932596","00440121","0","12","2398768","6999640.0"
"702533540","0063013D","0","56","4600944","6999712.0"
"704932212","","1","","2398672",""
"709533236","0063013D","0","57","4601024","6999696.0"
"716532940","0063013D","0","58","6999704",""
"723532644","0063013D","0","59","6999704",""
"728840156","00440121","0","0","5307512","6181512.0"
"730532348","0063013D","0","60","1692192","6999704.0"
"732845796","00440121","0","1","2313448","4005640.0"
"737532052","0063013D","0","61","4686256","6999704.0"
"739845428","00440121","0","2","2313376","6999632.0"
"744531756","0063013D","0","62","4686328","6999704.0"
"746846052","00440121","0","3","2314296","7000624.0"
"751531460","0063013D","0","63","4685408","6999704.0"
"753844700","","1","","2313240",""
"758531164","0063013D","0","64","4686464","6999704.0"
"765530868","0063013D","0","65","6999704",""
"772530572","0063013D","0","66","6999704",""
"776762452","00440121","0","1","4231880","5983280.0"
"779530268","0063013D","0","67","2767816","6999696.0"
"783762076","00440121","0","2","4231808","6999624.0"
"786529972","0063013D","0","68","2767896","6999704.0"
"790762684","00440121","0","3","4232712","7000608.0"
"793529676","0063013D","0","69","2766992","6999704.0"
"797763300","00440121","0","4","4233624","7000616.0"
"800529380","0063013D","0","70","2766080","6999704.0"
"804763924","00440121","0","5","4234544","7000624.0"
"807529092","0063013D","0","71","2765168","6999712.0"
"811762572","00440121","0","6","4233480","6998648.0"
"814528788","0063013D","0","72","2766216","6999696.0"
"821528492","0063013D","0","73","6999704",""
"828528196","0063013D","0","74","6999704",""
"835527900","0063013D","0","75","6999704",""
"837942836","00440121","0","0","2414936","6545066.0"
"841948484","","1","","4005648",""
"848948140","","1","","6999656",""
"855947780","00440121","0","3","6999640","9002472.0"
"862947404","","1","","6999624",""
"869947036","00440121","0","5","6999632","13999256.0"
"876946660","00440121","0","6","6999624",""
"883947268","00440121","0","7","7000608",""
"890947892","00440121","0","8","7000624",""
"897947524","","1","","6999632",""
"904947164","","1","","6999640",""
"911946796","00440121","0","11","6999632","10499452.0"
"918946412","00440121","0","12","6999616",""
"925947020","00440121","0","13","7000608",""
"932947652","00440121","0","14","7000632",""
"939947284","00440121","0","15","6999632",""
"946946924","00440121","0","16","6999640",""
"953946548","","1","","6999624",""
"960946188","00440121","0","18","6999640","13999264.0"
"967945820","00440121","0","19","6999632",""
"974945436","00440121","0","20","6999616",""
"981946044","00440121","0","21","7000608",""
"988945692","00440121","0","22","6999648",""
"996521068","0063013D","0","98","7575376","6999702.956521739"
"1003520772","0063013D","0","99","6999704",""
"1010520476","0063013D","0","100","6999704",""
"1017520180","0063013D","0","101","6999704",""
"1024519884","0063013D","0","102","6999704",""
"1028139932","00440121","0","0","3620048","7838848.0"
"1031519556","","1","","3379624",""
"1038519284","","1","","6999728",""
"1045518988","","1","","6999704",""
"1052518676","","1","","6999688",""
"1059518396","","1","","6999720",""
"1066517132","","1","","6998736",""
"1074145348","00440121","0","7","7628216","7667569.333333333"
"1081144956","00440121","0","8","6999608",""
"1088145588","00440121","0","9","7000632",""
"1095145220","00440121","0","10","6999632",""
"1102144836","00440121","0","11","6999616",""
"1109145452","00440121","0","12","7000616",""
"1116146076","","1","","7000624",""
"1121237460","0063013D","0","1","5091384","6908398.285714285"
"1123145692","00440121","0","14","1908232","7000120.0"
"1128237164","0063013D","0","2","5091472","6999704.0"
"1130146324","00440121","0","15","1909160","7000632.0"
"1135236868","0063013D","0","3","5090544","6999704.0"
"1137145940","00440121","0","16","1909072","6999616.0"
"1142236572","0063013D","0","4","5090632","6999704.0"
"1144146564","00440121","0","17","1909992","7000624.0"
"1151146204","00440121","0","18","6999640",""
"1158145836","00440121","0","19","6999632",""
"1165145468","00440121","0","20","6999632",""
"1172145100","00440121","0","21","6999632",""
"1179144732","00440121","0","22","6999632",""
"1182929164","0063013D","0","0","3784432","6782098.666666667"
"1186144372","","1","","3215208",""
"1193144004","","1","","6999632",""
"1200143636","","1","","6999632",""
"1207143276","00440121","0","26","6999640","6999636.0"
"1214142900","00440121","0","27","6999624",""
"1221142540","00440121","0","28","6999640",""
"1228142180","00440121","0","29","6999640",""
"1235141804","00440121","0","30","6999624",""
"1242141436","00440121","0","31","6999632",""
"1249141068","00440121","0","32","6999632",""
"1256140708","00440121","0","33","6999640",""
"1263140340","00440121","0","34","6999632",""
"1269920588","","1","","6780248",""
"1273926276","0063013D","0","1","4005688","6999777.846153846"
"1277139596","00440121","0","36","3213320","6999628.0"
"1280925972","0063013D","0","2","3786376","6999696.0"
"1284140220","00440121","0","37","3214248","7000624.0"
"1287925676","0063013D","0","3","3785456","6999704.0"
"1291139836","00440121","0","38","3214160","6999616.0"
"1294925380","0063013D","0","4","3785544","6999704.0"
"1298140452","00440121","0","39","3215072","7000616.0"
"1301925084","0063013D","0","5","3784632","6999704.0"
"1303752507","","1","","1827423",""
"1305141076","00440121","0","40","1388569","3500312.0"
"1308924788","0063013D","0","6","3783712","3499852.0"
"1312140692","00440121","0","41","3215904","6999616.0"
"1319141324","00440121","0","42","7000632",""
"1324238588","0063013D","0","0","5097264","7656900.0"
"1326140956","00440121","0","43","1902368","6999632.0"
"1328244284","0063013D","0","1","2103328","4005696.0"
"1333140588","00440121","0","44","4896304","6999632.0"
"1335243980","0063013D","0","2","2103392","6999696.0"
"1340140204","00440121","0","45","4896224","6999616.0"
"1342243684","0063013D","0","3","2103480","6999704.0"
"1347140812","00440121","0","46","4897128","7000608.0"
"1349243380","0063013D","0","4","2102568","6999696.0"
"1354141444","00440121","0","47","4898064","7000632.0"
"1356243084","0063013D","0","5","2101640","6999704.0"
"1361141076","00440121","0","48","4897992","6999632.0"
"1363242788","0063013D","0","6","2101712","6999704.0"
"1368140716","00440121","0","49","4897928","6999640.0"
"1370242492","0063013D","0","7","2101776","6999704.0"
"1375140348","00440121","0","50","4897856","6999632.0"
"1382139980","00440121","0","51","6999632",""
"1386846276","0063013D","0","0","4706296","8301892.0"
"1389139596","00440121","0","52","2293320","6999616.0"
"1390851964","0063013D","0","1","1712368","4005688.0"
"1396140228","00440121","0","53","5288264","7000632.0"
"1397851676","0063013D","0","2","1711448","6999712.0"
"1403139860","00440121","0","54","5288184","6999632.0"
"1404851372","0063013D","0","3","1711512","6999696.0"
"1410139492","00440121","0","55","5288120","6999632.0"
"1411851076","0063013D","0","4","1711584","6999704.0"
"1417139124","00440121","0","56","5288048","6999632.0"
"1418850780","0063013D","0","5","1711656","6999704.0"
"1424138740","00440121","0","57","5287960","6999616.0"
"1425850476","","1","","1711736",""
"1431139372","00440121","0","58","5288896","7000632.0"
"1436564876","0063013D","0","0","5425504","5904698.666666667"
"1438139004","00440121","0","59","1574128","6999632.0"
"1440570564","0063013D","0","1","2431560","4005688.0"
"1445138644","00440121","0","60","4568080","6999640.0"
"1447570268","0063013D","0","2","2431624","6999704.0"
"1452138276","00440121","0","61","4568008","6999632.0"
"1454569964","0063013D","0","3","2431688","6999696.0"
"1459137908","00440121","0","62","4567944","6999632.0"
"1461569668","0063013D","0","4","2431760","6999704.0"
"1466137540","00440121","0","63","4567872","6999632.0"
"1468569364","0063013D","0","5","2431824","6999696.0"
"1473137156","00440121","0","64","4567792","6999616.0"
"1475569076","0063013D","0","6","2431920","6999712.0"
"1480137764","00440121","0","65","4568688","7000608.0"
"1482568772","0063013D","0","7","2431008","6999696.0"
"1487138380","00440121","0","66","4569608","7000616.0"
"1489568476","0063013D","0","8","2430096","6999704.0"
"1494139004","00440121","0","67","4570528","7000624.0"
"1496568180","0063013D","0","9","2429176","6999704.0"
"1501138636","00440121","0","68","4570456","6999632.0"
"1508138252","00440121","0","69","6999616",""
"1515138884","00440121","0","70","7000632",""
"1522138516","00440121","0","71","6999632",""
"1529138148","00440121","0","72","6999632",""
"1536137780","00440121","0","73","6999632",""
"1543137404","00440121","0","74","6999624",""
"1550138012","00440121","0","75","7000608",""
"1557138644","00440121","0","76","7000632",""
"1564138276","00440121","0","77","6999632",""
"1571137908","00440121","0","78","6999632",""
"1578137540","00440121","0","79","6999632",""
"1585137164","00440121","0","80","6999624",""
"1590335676","0063013D","0","0","5198512","7212884.307692308"
"1592137788","00440121","0","81","1802112","7000624.0"
"1594341364","0063013D","0","1","2203576","4005688.0"
"1598351908","","1","","4010544",""
"1605352596","","1","","7000688",""
"1612352308","","1","","6999712",""
"1619352012","","1","","6999704",""
"1626351692","","1","","6999680",""
"1633351396","","1","","6999704",""
"1640351116","0063013D","0","8","6999720","7668292.0"
"1647350820","0063013D","0","9","6999704",""
"1654350508","","1","","6999688",""
"1661350212","","1","","6999704",""
"1668349932","","1","","6999720",""
"1675349636","0063013D","0","13","6999704","9332938.666666666"
"1682349340","0063013D","0","14","6999704",""
"1689349044","0063013D","0","15","6999704",""
"1696348748","","1","","6999704",""
"1703348452","0063013D","0","17","6999704","13999408.0"
"1710348148","0063013D","0","18","6999696",""
"1717347852","0063013D","0","19","6999704",""
"1725138620","00440121","0","100","7790768","7000043.7894736845"
"1732139260","00440121","0","101","7000640",""
"1739138884","00440121","0","102","6999624",""
"1746138524","00440121","0","103","6999640",""
"1753138140","00440121","0","104","6999616",""
"1760138772","00440121","0","105","7000632",""
"1767138396","00440121","0","106","6999624",""
"1774138012","00440121","0","107","6999616",""
"1781138644","00440121","0","108","7000632",""
"1788138276","00440121","0","109","6999632",""
"1795137908","00440121","0","110","6999632",""
"1798732092","0063013D","0","0","3594184","7398567.2727272725"
"1802137524","00440121","0","111","3405432","6999616.0"
"1809138148","","1","","7000624",""
"1816137756","","1","","6999608",""
"1823138388","","1","","7000632",""
"1830139012","00440121","0","115","7000624","9333829.333333334"
"1837138636","00440121","0","116","6999624",""
"1844138284","00440121","0","117","6999648",""
"1851137900","00440121","0","118","6999616",""
"1858138508","00440121","0","119","7000608",""
"1865139116","00440121","0","120","7000608",""
"1872139748","00440121","0","121","7000632",""
"1879139364","00440121","0","122","6999616",""
"1886139988","00440121","0","123","7000624",""
"1893139628","00440121","0","124","6999640",""
"1898851860","0063013D","0","0","5712232","7151412.0"
"1902857548","0063013D","0","1","4005688",""
"1907139868","00440121","0","126","4282320","7000120.0"
"1909857252","0063013D","0","2","2717384","6999704.0"
"1914139484","00440121","0","127","4282232","6999616.0"
"1916856956","0063013D","0","3","2717472","6999704.0"
"1921140116","00440121","0","128","4283160","7000632.0"
"1923856652","0063013D","0","4","2716536","6999696.0"
"1928139748","00440121","0","129","4283096","6999632.0"
"1930855372","0063013D","0","5","2715624","6998720.0"
"1935139364","00440121","0","130","4283992","6999616.0"
"1942139996","00440121","0","131","7000632",""
"1949139604","00440121","0","132","6999608",""
"1956140228","00440121","0","133","7000624",""
"1961580636","0063013D","0","0","5440408","7681316.0"
"1963139868","00440121","0","134","1559232","6999640.0"
"1965586332","0063013D","0","1","2446464","4005696.0"
"1970139508","00440121","0","135","4553176","6999640.0"
"1972586028","0063013D","0","2","2446520","6999696.0"
"1977139124","00440121","0","136","4553096","6999616.0"
"1979585732","0063013D","0","3","2446608","6999704.0"
"1984139732","00440121","0","137","4554000","7000608.0"
"1986585436","0063013D","0","4","2445704","6999704.0"
"1991140356","00440121","0","138","4554920","7000624.0"
"1993584172","0063013D","0","5","2443816","6998736.0"
"1998139972","00440121","0","139","4555800","6999616.0"
"2000583876","","1","","2443904",""
"2005140604","00440121","0","140","4556728","7000632.0"
"2012140236","00440121","0","141","6999632",""
"2013883100","0063013D","0","0","1742864","5074732.0"
"2017888804","0063013D","0","1","4005704",""
"2024888500","0063013D","0","2","6999696",""
"2031888196","0063013D","0","3","6999696",""
"2038887908","0063013D","0","4","6999712",""
"2045887604","0063013D","0","5","6999696",""
"2052887308","0063013D","0","6","6999704",""
"2059887012","0063013D","0","7","6999704",""
"2066886716","0063013D","0","8","6999704",""
"2073886420","0063013D","0","9","6999704",""
"2080886116","0063013D","0","10","6999696",""
"2087885820","0063013D","0","11","6999704",""
"2094885532","0063013D","0","12","6999712",""
"2101885220","0063013D","0","13","6999688",""
"2108884924","0063013D","0","14","6999704",""
"2115884636","0063013D","0","15","6999712",""
"2122883364","0063013D","0","16","6998728",""
"2129883052","","1","","6999688",""
"2138140484","00440121","0","159","8257432","7000013.777777778"
"2145140116","00440121","0","160","6999632",""
"2152139748","00440121","0","161","6999632",""
"2159139388","00440121","0","162","6999640",""
"2166139004","00440121","0","163","6999616",""
"2173138652","00440121","0","164","6999648",""
"2216187308","0169082D","0","0","43048656",""
"2220192988","0169082D","0","1","4005680",""
"2227192660","0169082D","0","2","6999672",""
"2234192340","0169082D","0","3","6999680",""
"2238008308","00440121","0","0","3815968","16217414.0"
"2241192004","","1","","3183696",""
"2248191684","","1","","6999680",""
"2255191364","","1","","6999680",""
"2262191052","","1","","6999688",""
"2269190732","","1","","6999680",""
"2276190428","","1","","6999696",""
"2283190100","","1","","6999672",""
"2290189772","","1","","6999672",""
"2297189452","","1","","6999680",""
"2304189148","0169082D","0","13","6999696","6999680.8"
"2311188828","0169082D","0","14","6999680",""
"2318188508","0169082D","0","15","6999680",""
"2325188196","0169082D","0","16","6999688",""
"2332187860","","1","","6999664",""
"2336841988","00440121","0","1","4654128","7059548.571428572"
"2339187556","0169082D","0","18","2345568","6999680.0"
"2343841620","00440121","0","2","4654064","6999632.0"
"2346187236","0169082D","0","19","2345616","6999680.0"
"2350842252","00440121","0","3","4655016","7000632.0"
"2353186916","0169082D","0","20","2344664","6999680.0"
"2357841884","00440121","0","4","4654968","6999632.0"
"2360186596","0169082D","0","21","2344712","6999680.0"
"2364841524","00440121","0","5","4654928","6999640.0"
"2367186276","0169082D","0","22","2344752","6999680.0"
"2371841148","00440121","0","6","4654872","6999624.0"
"2374185964","0169082D","0","23","2344816","6999688.0"
"2378839804","","1","","4653840",""
"2381185636","0169082D","0","24","2345832","6999672.0"
"2388185316","0169082D","0","25","6999680",""
"2395184996","0169082D","0","26","6999680",""
"2397334940","00440121","0","0","2149944","5098758.4"
"2401340572","00440121","0","1","4005632",""
"2405352084","00440121","0","2","4011512",""
"2409184364","0169082D","0","28","3832280","4666456.0"
"2412351732","00440121","0","3","3167368","6999648.0"
"2416184044","0169082D","0","29","3832312","6999680.0"
"2419351364","00440121","0","4","3167320","6999632.0"
"2423183724","0169082D","0","30","3832360","6999680.0"
"2426350972","00440121","0","5","3167248","6999608.0"
"2430183404","0169082D","0","31","3832432","6999680.0"
"2437183084","0169082D","0","32","6999680",""
"2439601260","00440121","0","0","2418176","6625144.0"
"2443606908","00440121","0","1","4005648",""
"2450606564","00440121","0","2","6999656",""
"2457606180","00440121","0","3","6999616",""
"2464606788","00440121","0","4","7000608",""
"2471607396","00440121","0","5","7000608",""
"2478608028","00440121","0","6","7000632",""
"2485607660","00440121","0","7","6999632",""
"2492607292","00440121","0","8","6999632",""
"2499606916","00440121","0","9","6999624",""
"2506607540","00440121","0","10","7000624",""
"2513607172","00440121","0","11","6999632",""
"2520606788","00440121","0","12","6999616",""
"2528178932","0169082D","0","45","7572144","6999680.615384615"
"2535178612","0169082D","0","46","6999680",""
"2542178292","0169082D","0","47","6999680",""
"2549177964","0169082D","0","48","6999672",""
"2572406820","00440121","0","0","23228856","12950008.0"
"2576412484","00440121","0","1","4005664",""
"2583412116","00440121","0","2","6999632",""
"2590411756","00440121","0","3","6999640",""
"2597411388","00440121","0","4","6999632",""
"2604411020","00440121","0","5","6999632",""
"2611410636","00440121","0","6","6999616",""
"2618411244","00440121","0","7","7000608",""
"2625411876","00440121","0","8","7000632",""
"2632411492","00440121","0","9","6999616",""
"2639412100","00440121","0","10","7000608",""
"2646412732","00440121","0","11","7000632",""
"2653412364","00440121","0","12","6999632",""
"2660411996","00440121","0","13","6999632",""
"2667411612","00440121","0","14","6999616",""
"2674411260","00440121","0","15","6999648",""
"2679003788","","1","","4592528",""
"2681410884","00440121","0","16","2407096","6999624.0"
"2688411492","00440121","0","17","7000608",""
"2695412116","00440121","0","18","7000624",""
"2702411756","00440121","0","19","6999640",""
"2709411372","00440121","0","20","6999616",""
"2716411996","00440121","0","21","7000624",""
"2723411612","00440121","0","22","6999616",""
"2730412244","00440121","0","23","7000632",""
"2737410892","00440121","0","24","6998648",""
"2819136980","00680138","0","0","81726088",""
"2823142652","00680138","0","1","4005672",""
"2830142276","00680138","0","2","6999624",""
"2832072916","00440121","0","0","1930640","31554008.0"
"2836078572","","1","","4005656",""
"2843078220","","1","","6999648",""
"2850077836","","1","","6999616",""
"2852696340","0169082D","0","0","2618504","9197526.545454545"
"2856702020","0169082D","0","1","4005680",""
"2863701684","0169082D","0","2","6999664",""
"2870701364","","1","","6999680",""
"2877701036","","1","","6999672",""
"2883336412","0063013D","0","0","5635376","7041231.925925926"
"2887342108","0063013D","0","1","4005696",""
"2891700420","","1","","4358312",""
"2894341804","0063013D","0","2","2641384","6999696.0"
"2898700092","0169082D","0","7","4358288","5833068.0"
"2901341508","0063013D","0","3","2641416","6999704.0"
"2905699772","","1","","4358264",""
"2908341212","0063013D","0","4","2641440","6999704.0"
"2912699452","0169082D","0","9","4358240","4666453.333333333"
"2915340916","0063013D","0","5","2641464","6999704.0"
"2919699132","","1","","4358216",""
"2922340620","0063013D","0","6","2641488","6999704.0"
"2926698820","","1","","4358200",""
"2929340316","0063013D","0","7","2641496","6999696.0"
"2933698492","","1","","4358176",""
"2936340028","0063013D","0","8","2641536","6999712.0"
"2940698180","","1","","4358152",""
"2943339732","0063013D","0","9","2641552","6999704.0"
"2947697852","","1","","4358120",""
"2950339428","0063013D","0","10","2641576","6999696.0"
"2954697532","0169082D","0","15","4358104","3818007.272727273"
"2957339132","0063013D","0","11","2641600","6999704.0"
"2961697212","0169082D","0","16","4358080","6999680.0"
"2964338836","0063013D","0","12","2641624","6999704.0"
"2968696900","0169082D","0","17","4358064","6999688.0"
"2971338532","0063013D","0","13","2641632","6999696.0"
"2975696580","0169082D","0","18","4358048","6999680.0"
"2978338236","0063013D","0","14","2641656","6999704.0"
"2982696260","0169082D","0","19","4358024","6999680.0"
"2985337940","0063013D","0","15","2641680","6999704.0"
"2989695940","0169082D","0","20","4358000","6999680.0"
"2992337644","0063013D","0","16","2641704","6999704.0"
"2996695628","0169082D","0","21","4357984","6999688.0"
"2999337356","0063013D","0","17","2641728","6999712.0"
"3003695308","0169082D","0","22","4357952","6999680.0"
"3006337052","0063013D","0","18","2641744","6999696.0"
"3010694980","0169082D","0","23","4357928","6999672.0"
"3013336748","0063013D","0","19","2641768","6999696.0"
"3017694668","0169082D","0","24","4357920","6999688.0"
"3020336452","0063013D","0","20","2641784","6999704.0"
"3024694348","0169082D","0","25","4357896","6999680.0"
"3027336164","0063013D","0","21","2641816","6999712.0"
"3031694028","0169082D","0","26","4357864","6999680.0"
"3034335860","0063013D","0","22","2641832","6999696.0"
"3038693708","","1","","4357848",""
"3041335572","0063013D","0","23","2641864","6999712.0"
"3045693388","0169082D","0","28","4357816","4666453.333333333"
"3048335268","0063013D","0","24","2641880","6999696.0"
"3052693068","","1","","4357800",""
"3059692748","0169082D","0","30","6999680","6999680.0"
"3062334684","0063013D","0","26","2641936","6999708.0"
"3066692428","0169082D","0","31","4357744","6999680.0"
"3069334380","0063013D","0","27","2641952","6999696.0"
"3073692116","0169082D","0","32","4357736","6999688.0"
"3076334084","0063013D","0","28","2641968","6999704.0"
"3080691796","0169082D","0","33","4357712","6999680.0"
"3083333780","0063013D","0","29","2641984","6999696.0"
"3087691476","","1","","4357696",""
"3090333492","0063013D","0","30","2642016","6999712.0"
"3094691156","0169082D","0","35","4357664","4666453.333333333"
"3097333196","0063013D","0","31","2642040","6999704.0"
"3101690836","","1","","4357640",""
"3104332892","0063013D","0","32","2642056","6999696.0"
"3108690516","0169082D","0","37","4357624","4666453.333333333"
"3111332596","0063013D","0","33","2642080","6999704.0"
"3115690188","0169082D","0","38","4357592","6999672.0"
"3118332308","0063013D","0","34","2642120","6999712.0"
"3122689876","0169082D","0","39","4357568","6999688.0"
"3125332004","0063013D","0","35","2642128","6999696.0"
"3129689556","0169082D","0","40","4357552","6999680.0"
"3132331708","0063013D","0","36","2642152","6999704.0"
"3136689236","0169082D","0","41","4357528","6999680.0"
"3139331404","0063013D","0","37","2642168","6999696.0"
"3143688916","0169082D","0","42","4357512","6999680.0"
"3146331108","0063013D","0","38","2642192","6999704.0"
"3150688596","0169082D","0","43","4357488","6999680.0"
"3153330820","0063013D","0","39","2642224","6999712.0"
"3157688276","","1","","4357456",""
"3160329548","0063013D","0","40","2641272","6998728.0"
"3164687956","","1","","4358408",""
"3171687636","0169082D","0","46","6999680","5249760.0"
"3178687324","0169082D","0","47","6999688",""
"3183073883","","1","","4386559",""
"3185686996","0169082D","0","48","2613113","6999672.0"
"3192686684","0169082D","0","49","6999688",""
"3199686364","0169082D","0","50","6999680",""
"3206686044","0169082D","0","51","6999680",""
"3213685724","0169082D","0","52","6999680",""
"3220685404","0169082D","0","53","6999680",""
"3227685084","0169082D","0","54","6999680",""
"3234684764","0169082D","0","55","6999680",""
"3241684444","0169082D","0","56","6999680",""
"3248684124","0169082D","0","57","6999680",""
"3255683804","0169082D","0","58","6999680",""
"3262683492","0169082D","0","59","6999688",""
"3269683172","0169082D","0","60","6999680",""
"3276682844","0169082D","0","61","6999672",""
"3283682508","","1","","6999664",""
"3290682212","0169082D","0","63","6999704","13999368.0"
"3297681892","0169082D","0","64","6999680",""
"3304681588","","1","","6999696",""
"3312083940","","1","","7402352",""
"3319083596","00440121","0","70","6999656","4427369.818181818"
"3326083220","00440121","0","71","6999624",""
"3333082860","00440121","0","72","6999640",""
"3340082492","00440121","0","73","6999632",""
"3347082124","00440121","0","74","6999632",""
"3354081756","00440121","0","75","6999632",""
"3361081380","00440121","0","76","6999624",""
"3368082004","00440121","0","77","7000624",""
"3375081644","00440121","0","78","6999640",""
"3382081276","00440121","0","79","6999632",""
"3389081860","","1","","7000584",""
"3396081508","","1","","6999648",""
"3403081132","","1","","6999624",""
"3410081756","","1","","7000624",""
"3417081388","","1","","6999632",""
"3424081028","","1","","6999640",""
"3431080660","","1","","6999632",""
"3438080308","","1","","6999648",""
"3445080908","","1","","7000600",""
"3452080548","","1","","6999640",""
"3459081148","00440121","0","90","7000600","7699987.2"
"3466080780","00440121","0","91","6999632",""
"3473080428","00440121","0","92","6999648",""
"3480080060","00440121","0","93","6999632",""
"3487080644","00440121","0","94","7000584",""
"3494081276","00440121","0","95","7000632",""
"3501080908","00440121","0","96","6999632",""
"3508080524","00440121","0","97","6999616",""
"3515081148","00440121","0","98","7000624",""
"3522080764","00440121","0","99","6999616",""
"3529080420","","1","","6999656",""
"3537106700","00680138","0","103","8026280","4978622.704225352"
"3544106348","00680138","0","104","6999648",""
"3551106004","00680138","0","105","6999656",""
"3558105644","00680138","0","106","6999640",""
"3565105300","00680138","0","107","6999656",""
"3572104940","00680138","0","108","6999640",""
"3579104604","00680138","0","109","6999664",""
"",,,,,